Customer_ID,Customer_Name,Email,Age_Group,Location,Member_Since,Active_Status
1,Sarah Connor,michael.clark@example.com,46-55,Seattle,2021-08-11,True
2,Michael Clark,john.doe@example.com,18-25,Chicago,2021-03-21,True
3,James Bond,mary.jane@example.com,56+,New York,2021-06-21,True
4,Emily Davis,clark.kent@example.com,46-55,Boston,2021-05-28,True
5,Clark Kent,jane.smith@example.com,56+,Denver,2021-09-22,True
6,Emily Davis,michael.clark@example.com,56+,New York,2021-10-12,True
7,Emily Davis,robert.brown@example.com,46-55,Seattle,2023-05-17,True
8,Clark Kent,robert.brown@example.com,36-45,Denver,2023-07-04,True
9,James Bond,clark.kent@example.com,56+,Los Angeles,2021-01-08,True
10,James Bond,john.doe@example.com,46-55,Denver,2022-03-14,True
11,Clark Kent,john.doe@example.com,18-25,San Francisco,2023-11-08,True
12,Mary Jane,emily.davis@example.com,56+,Los Angeles,2022-01-19,True
13,John Doe,emily.davis@example.com,26-35,Boston,2022-08-09,True
14,Mary Jane,robert.brown@example.com,26-35,Chicago,2022-03-27,True
15,John Doe,james.bond@example.com,56+,Austin,2021-07-05,True
16,Bruce Wayne,bruce.wayne@example.com,46-55,Boston,2023-04-24,True
17,Jane Smith,michael.clark@example.com,46-55,Boston,2022-02-22,True
18,Michael Clark,sarah.connor@example.com,46-55,Los Angeles,2023-08-08,True
19,James Bond,john.doe@example.com,46-55,Miami,2022-04-09,True
20,Sarah Connor,clark.kent@example.com,46-55,Chicago,2021-07-15,True
21,James Bond,mary.jane@example.com,26-35,Los Angeles,2023-08-16,True
22,Robert Brown,michael.clark@example.com,36-45,Los Angeles,2022-09-16,True
23,Clark Kent,bruce.wayne@example.com,36-45,Chicago,2022-03-09,True
24,John Doe,jane.smith@example.com,46-55,Miami,2023-12-24,True
25,Michael Clark,sarah.connor@example.com,36-45,Seattle,2022-11-28,True
26,Jane Smith,sarah.connor@example.com,36-45,Boston,2023-08-10,True
27,Emily Davis,bruce.wayne@example.com,36-45,Seattle,2022-04-02,True
28,Emily Davis,robert.brown@example.com,46-55,Denver,2023-10-06,True
29,Bruce Wayne,sarah.connor@example.com,56+,New York,2021-07-10,True
30,John Doe,bruce.wayne@example.com,46-55,Seattle,2023-12-07,True
31,Bruce Wayne,bruce.wayne@example.com,26-35,Miami,2021-07-17,True
32,Mary Jane,jane.smith@example.com,36-45,Los Angeles,2021-12-27,True
33,Sarah Connor,robert.brown@example.com,56+,Los Angeles,2021-07-05,True
34,Clark Kent,bruce.wayne@example.com,56+,San Francisco,2022-12-23,True
35,Clark Kent,sarah.connor@example.com,18-25,Chicago,2023-02-17,True
36,Clark Kent,bruce.wayne@example.com,56+,Chicago,2021-11-14,True
37,Bruce Wayne,sarah.connor@example.com,56+,Miami,2022-08-08,True
38,Sarah Connor,james.bond@example.com,46-55,Chicago,2022-09-05,True
39,Clark Kent,clark.kent@example.com,56+,Chicago,2022-08-12,True
40,Jane Smith,jane.smith@example.com,56+,San Francisco,2023-03-22,True
41,James Bond,james.bond@example.com,18-25,Miami,2023-09-12,True
42,Clark Kent,sarah.connor@example.com,26-35,Austin,2022-09-10,True
43,Michael Clark,james.bond@example.com,46-55,Denver,2023-07-19,True
44,James Bond,michael.clark@example.com,18-25,Los Angeles,2022-02-24,True
45,John Doe,mary.jane@example.com,18-25,Los Angeles,2022-09-12,True
46,Jane Smith,sarah.connor@example.com,36-45,Boston,2022-04-18,True
47,Mary Jane,robert.brown@example.com,46-55,Miami,2023-07-24,True
48,Robert Brown,robert.brown@example.com,26-35,New York,2023-02-24,True
49,Jane Smith,robert.brown@example.com,18-25,Miami,2023-11-24,True
50,Bruce Wayne,robert.brown@example.com,26-35,Los Angeles,2023-04-08,True
51,Jane Smith,michael.clark@example.com,36-45,Denver,2022-04-01,True
52,Robert Brown,jane.smith@example.com,46-55,Chicago,2021-04-11,True
53,James Bond,james.bond@example.com,18-25,Denver,2023-11-10,True
54,Sarah Connor,john.doe@example.com,18-25,Dallas,2022-01-16,True
55,John Doe,clark.kent@example.com,36-45,Dallas,2023-10-03,True
56,John Doe,bruce.wayne@example.com,46-55,Seattle,2023-08-28,True
57,Michael Clark,emily.davis@example.com,26-35,Austin,2023-03-09,True
58,John Doe,emily.davis@example.com,18-25,Chicago,2023-12-22,True
59,Bruce Wayne,michael.clark@example.com,18-25,Chicago,2021-11-02,True
60,Bruce Wayne,michael.clark@example.com,56+,New York,2022-01-07,True
61,Sarah Connor,robert.brown@example.com,56+,San Francisco,2022-06-04,True
62,Bruce Wayne,bruce.wayne@example.com,26-35,Boston,2022-08-25,True
63,James Bond,james.bond@example.com,26-35,Chicago,2021-11-05,True
64,Clark Kent,jane.smith@example.com,18-25,Miami,2021-10-21,True
65,Sarah Connor,bruce.wayne@example.com,36-45,Los Angeles,2021-06-15,True
66,Mary Jane,jane.smith@example.com,46-55,Miami,2022-07-02,True
67,Mary Jane,jane.smith@example.com,46-55,Chicago,2022-01-20,True
68,John Doe,emily.davis@example.com,46-55,Chicago,2021-01-16,True
69,Bruce Wayne,mary.jane@example.com,18-25,Boston,2022-01-13,True
70,John Doe,jane.smith@example.com,56+,Dallas,2021-12-23,True
71,Robert Brown,clark.kent@example.com,26-35,Dallas,2021-05-03,True
72,Sarah Connor,jane.smith@example.com,46-55,Denver,2023-02-07,True
73,Mary Jane,bruce.wayne@example.com,36-45,Denver,2021-09-24,True
74,James Bond,jane.smith@example.com,56+,Dallas,2023-05-03,True
75,Sarah Connor,bruce.wayne@example.com,26-35,Austin,2021-12-27,True
76,Michael Clark,jane.smith@example.com,56+,Los Angeles,2023-01-06,True
77,Clark Kent,robert.brown@example.com,18-25,Seattle,2023-02-04,True
78,James Bond,james.bond@example.com,56+,Miami,2022-11-02,True
79,Robert Brown,jane.smith@example.com,46-55,San Francisco,2022-01-04,True
80,Sarah Connor,sarah.connor@example.com,36-45,Seattle,2022-07-25,True
81,Sarah Connor,sarah.connor@example.com,36-45,Boston,2022-01-05,True
82,James Bond,james.bond@example.com,36-45,Boston,2021-12-13,True
83,Robert Brown,robert.brown@example.com,46-55,New York,2021-06-12,True
84,James Bond,bruce.wayne@example.com,46-55,Miami,2023-01-08,True
85,James Bond,bruce.wayne@example.com,46-55,Austin,2021-06-08,True
86,Jane Smith,robert.brown@example.com,18-25,Dallas,2022-07-04,True
87,James Bond,clark.kent@example.com,56+,Boston,2021-06-11,True
88,Emily Davis,mary.jane@example.com,26-35,Dallas,2022-12-02,True
89,Jane Smith,sarah.connor@example.com,18-25,Seattle,2022-03-24,True
90,Emily Davis,james.bond@example.com,46-55,Austin,2022-04-01,True
91,Bruce Wayne,mary.jane@example.com,36-45,Denver,2022-08-23,True
92,Emily Davis,clark.kent@example.com,36-45,Los Angeles,2021-07-13,True
93,Mary Jane,jane.smith@example.com,46-55,Seattle,2021-01-09,True
94,Mary Jane,sarah.connor@example.com,36-45,Dallas,2023-05-09,True
95,Bruce Wayne,james.bond@example.com,18-25,Chicago,2023-05-07,True
96,Bruce Wayne,mary.jane@example.com,18-25,Chicago,2022-02-27,True
97,James Bond,bruce.wayne@example.com,18-25,Dallas,2021-12-18,True
98,Robert Brown,michael.clark@example.com,36-45,Denver,2023-10-20,True
99,Emily Davis,john.doe@example.com,46-55,Chicago,2023-02-03,True
100,Michael Clark,clark.kent@example.com,56+,Seattle,2021-03-07,True
101,Michael Clark,bruce.wayne@example.com,18-25,Seattle,2021-11-13,True
102,Clark Kent,bruce.wayne@example.com,26-35,Miami,2022-07-12,True
103,Mary Jane,sarah.connor@example.com,36-45,Dallas,2021-04-06,True
104,James Bond,emily.davis@example.com,26-35,Chicago,2021-01-05,True
105,Jane Smith,john.doe@example.com,18-25,New York,2022-11-05,True
106,Bruce Wayne,james.bond@example.com,56+,Boston,2022-09-01,True
107,Mary Jane,emily.davis@example.com,46-55,Dallas,2021-09-05,True
108,Emily Davis,emily.davis@example.com,36-45,Miami,2022-04-25,True
109,John Doe,clark.kent@example.com,56+,Dallas,2021-09-13,True
110,John Doe,michael.clark@example.com,26-35,Chicago,2022-09-19,True
111,Jane Smith,sarah.connor@example.com,56+,Denver,2023-06-03,True
112,Sarah Connor,michael.clark@example.com,56+,New York,2022-05-01,True
113,Jane Smith,bruce.wayne@example.com,26-35,Chicago,2021-11-24,True
114,Bruce Wayne,james.bond@example.com,18-25,Austin,2022-09-06,True
115,Bruce Wayne,jane.smith@example.com,18-25,Seattle,2023-01-16,True
116,Mary Jane,bruce.wayne@example.com,18-25,New York,2021-09-02,True
117,Clark Kent,bruce.wayne@example.com,36-45,Austin,2021-07-22,True
118,Jane Smith,robert.brown@example.com,36-45,Los Angeles,2023-09-08,True
119,Clark Kent,michael.clark@example.com,26-35,Austin,2021-10-05,True
120,James Bond,robert.brown@example.com,36-45,San Francisco,2022-10-26,True
121,John Doe,michael.clark@example.com,56+,Austin,2023-08-17,True
122,Mary Jane,sarah.connor@example.com,18-25,Boston,2023-08-13,True
123,Emily Davis,bruce.wayne@example.com,18-25,Los Angeles,2021-05-12,True
124,Jane Smith,bruce.wayne@example.com,18-25,Austin,2023-01-24,True
125,John Doe,robert.brown@example.com,56+,Chicago,2021-02-26,True
126,Mary Jane,bruce.wayne@example.com,46-55,Dallas,2023-08-17,True
127,Jane Smith,bruce.wayne@example.com,46-55,Miami,2021-04-02,True
128,Mary Jane,emily.davis@example.com,46-55,Denver,2021-07-08,True
129,Emily Davis,clark.kent@example.com,46-55,Boston,2022-07-07,True
130,Emily Davis,michael.clark@example.com,56+,New York,2022-05-09,True
131,Mary Jane,robert.brown@example.com,26-35,San Francisco,2022-04-18,True
132,Jane Smith,robert.brown@example.com,56+,Austin,2023-02-21,True
133,Robert Brown,john.doe@example.com,36-45,Dallas,2021-12-04,True
134,John Doe,robert.brown@example.com,26-35,Austin,2023-12-11,True
135,Jane Smith,emily.davis@example.com,46-55,Los Angeles,2021-12-23,True
136,Michael Clark,sarah.connor@example.com,46-55,Denver,2022-05-05,True
137,Bruce Wayne,john.doe@example.com,26-35,San Francisco,2023-07-18,True
138,Clark Kent,clark.kent@example.com,18-25,San Francisco,2022-03-12,True
139,Sarah Connor,robert.brown@example.com,56+,Denver,2022-02-05,True
140,Sarah Connor,mary.jane@example.com,46-55,San Francisco,2021-03-10,True
141,Clark Kent,bruce.wayne@example.com,36-45,Chicago,2023-12-03,True
142,Robert Brown,sarah.connor@example.com,56+,Seattle,2022-12-12,True
143,Michael Clark,jane.smith@example.com,36-45,San Francisco,2022-08-27,True
144,Bruce Wayne,james.bond@example.com,18-25,Los Angeles,2022-10-26,True
145,Robert Brown,john.doe@example.com,46-55,Denver,2023-04-01,True
146,Emily Davis,mary.jane@example.com,18-25,Los Angeles,2023-10-15,True
147,James Bond,clark.kent@example.com,26-35,Dallas,2021-01-02,True
148,Emily Davis,emily.davis@example.com,56+,San Francisco,2021-01-05,True
149,James Bond,james.bond@example.com,18-25,Miami,2023-11-06,True
150,Sarah Connor,clark.kent@example.com,18-25,New York,2022-01-17,True
151,Michael Clark,sarah.connor@example.com,26-35,Austin,2023-04-05,True
152,Clark Kent,robert.brown@example.com,56+,Los Angeles,2021-08-15,True
153,Emily Davis,michael.clark@example.com,18-25,Austin,2022-02-04,True
154,James Bond,michael.clark@example.com,36-45,New York,2022-10-10,True
155,Mary Jane,bruce.wayne@example.com,46-55,Austin,2021-07-27,True
156,Clark Kent,sarah.connor@example.com,56+,Los Angeles,2023-03-02,True
157,John Doe,clark.kent@example.com,36-45,New York,2022-03-11,True
158,Bruce Wayne,mary.jane@example.com,18-25,Dallas,2022-02-08,True
159,Michael Clark,james.bond@example.com,36-45,San Francisco,2023-01-05,True
160,Clark Kent,clark.kent@example.com,46-55,Boston,2021-10-07,True
161,Bruce Wayne,sarah.connor@example.com,26-35,San Francisco,2021-04-02,True
162,Clark Kent,emily.davis@example.com,36-45,Austin,2023-11-27,True
163,Mary Jane,bruce.wayne@example.com,36-45,Austin,2023-04-07,True
164,Clark Kent,clark.kent@example.com,26-35,Los Angeles,2023-07-09,True
165,Jane Smith,emily.davis@example.com,56+,Denver,2021-07-25,True
166,Robert Brown,jane.smith@example.com,36-45,Denver,2022-09-09,True
167,Robert Brown,sarah.connor@example.com,18-25,Miami,2021-06-21,True
168,Clark Kent,clark.kent@example.com,26-35,New York,2022-08-27,True
169,Bruce Wayne,robert.brown@example.com,56+,Dallas,2022-04-16,True
170,John Doe,mary.jane@example.com,26-35,New York,2022-07-14,True
171,Clark Kent,bruce.wayne@example.com,18-25,Boston,2022-01-17,True
172,James Bond,james.bond@example.com,26-35,Chicago,2023-06-23,True
173,James Bond,john.doe@example.com,46-55,Dallas,2022-08-15,True
174,Jane Smith,bruce.wayne@example.com,26-35,Denver,2022-04-21,True
175,Robert Brown,sarah.connor@example.com,36-45,Austin,2021-02-08,True
176,Michael Clark,robert.brown@example.com,46-55,Boston,2023-01-25,True
177,Bruce Wayne,michael.clark@example.com,36-45,Austin,2021-04-26,True
178,Bruce Wayne,john.doe@example.com,26-35,Austin,2022-01-17,True
179,Michael Clark,robert.brown@example.com,18-25,San Francisco,2022-11-13,True
180,Bruce Wayne,jane.smith@example.com,18-25,San Francisco,2023-06-27,True
181,Sarah Connor,john.doe@example.com,18-25,Los Angeles,2021-03-09,True
182,Mary Jane,james.bond@example.com,56+,Los Angeles,2023-09-24,True
183,Clark Kent,sarah.connor@example.com,26-35,San Francisco,2023-02-04,True
184,Jane Smith,james.bond@example.com,26-35,Seattle,2021-09-10,True
185,John Doe,john.doe@example.com,18-25,Boston,2021-10-07,True
186,Jane Smith,jane.smith@example.com,26-35,New York,2022-10-12,True
187,Robert Brown,bruce.wayne@example.com,18-25,Austin,2023-01-20,True
188,Michael Clark,michael.clark@example.com,46-55,Miami,2023-04-05,True
189,Mary Jane,jane.smith@example.com,46-55,New York,2021-12-21,True
190,Sarah Connor,mary.jane@example.com,18-25,San Francisco,2023-09-10,True
191,Mary Jane,robert.brown@example.com,18-25,Chicago,2021-08-02,True
192,Jane Smith,clark.kent@example.com,36-45,Boston,2021-12-06,True
193,Robert Brown,john.doe@example.com,46-55,Boston,2021-09-06,True
194,Mary Jane,emily.davis@example.com,36-45,Los Angeles,2023-01-02,True
195,James Bond,john.doe@example.com,46-55,Chicago,2021-03-25,True
196,Clark Kent,michael.clark@example.com,26-35,Miami,2023-10-27,True
197,Robert Brown,jane.smith@example.com,26-35,Austin,2022-07-06,True
198,John Doe,james.bond@example.com,36-45,Chicago,2022-03-18,True
199,James Bond,clark.kent@example.com,46-55,Denver,2021-06-19,True
200,James Bond,bruce.wayne@example.com,18-25,Boston,2021-12-24,True
201,Michael Clark,james.bond@example.com,36-45,Chicago,2023-02-18,True
202,Jane Smith,michael.clark@example.com,36-45,San Francisco,2023-03-02,True
203,Emily Davis,bruce.wayne@example.com,18-25,Miami,2021-04-02,True
204,Michael Clark,john.doe@example.com,56+,Dallas,2022-10-24,True
205,Bruce Wayne,john.doe@example.com,56+,New York,2021-03-08,True
206,Michael Clark,emily.davis@example.com,46-55,Denver,2023-12-25,True
207,Robert Brown,michael.clark@example.com,18-25,Boston,2022-03-18,True
208,Bruce Wayne,clark.kent@example.com,46-55,New York,2022-02-06,True
209,Emily Davis,clark.kent@example.com,26-35,New York,2021-01-20,True
210,Emily Davis,emily.davis@example.com,18-25,San Francisco,2022-10-09,True
211,Bruce Wayne,sarah.connor@example.com,36-45,Dallas,2022-06-09,True
212,Mary Jane,emily.davis@example.com,56+,Los Angeles,2023-02-09,True
213,Bruce Wayne,mary.jane@example.com,46-55,New York,2021-10-17,True
214,Jane Smith,emily.davis@example.com,26-35,San Francisco,2021-01-04,True
215,Mary Jane,james.bond@example.com,36-45,Dallas,2023-09-08,True
216,Robert Brown,robert.brown@example.com,56+,Seattle,2022-05-14,True
217,Robert Brown,robert.brown@example.com,56+,Los Angeles,2023-09-11,True
218,Clark Kent,clark.kent@example.com,26-35,Miami,2023-01-19,True
219,Jane Smith,emily.davis@example.com,18-25,San Francisco,2023-04-06,True
220,Jane Smith,robert.brown@example.com,56+,Austin,2022-05-17,True
221,Bruce Wayne,robert.brown@example.com,36-45,Miami,2022-08-23,True
222,Jane Smith,jane.smith@example.com,18-25,Dallas,2022-12-24,True
223,James Bond,robert.brown@example.com,56+,Denver,2021-02-20,True
224,Jane Smith,james.bond@example.com,18-25,Miami,2021-03-09,True
225,Mary Jane,bruce.wayne@example.com,36-45,Seattle,2021-08-01,True
226,Jane Smith,robert.brown@example.com,26-35,Denver,2022-02-12,True
227,Michael Clark,john.doe@example.com,36-45,New York,2021-11-11,True
228,Bruce Wayne,clark.kent@example.com,36-45,Denver,2023-10-07,True
229,Clark Kent,clark.kent@example.com,26-35,New York,2022-06-23,True
230,Michael Clark,james.bond@example.com,26-35,Miami,2021-03-17,True
231,Sarah Connor,james.bond@example.com,56+,Denver,2023-01-03,True
232,Clark Kent,john.doe@example.com,36-45,Austin,2022-06-05,True
233,Robert Brown,bruce.wayne@example.com,56+,Denver,2021-04-02,True
234,James Bond,james.bond@example.com,26-35,Boston,2021-11-25,True
235,Jane Smith,robert.brown@example.com,26-35,Denver,2022-08-28,True
236,Clark Kent,clark.kent@example.com,56+,New York,2021-01-11,True
237,Jane Smith,clark.kent@example.com,18-25,Chicago,2023-07-02,True
238,Robert Brown,sarah.connor@example.com,36-45,Denver,2021-12-02,True
239,Mary Jane,sarah.connor@example.com,46-55,San Francisco,2023-07-28,True
240,Clark Kent,clark.kent@example.com,46-55,Boston,2022-12-06,True
241,Emily Davis,clark.kent@example.com,36-45,Boston,2021-07-15,True
242,Mary Jane,robert.brown@example.com,18-25,Chicago,2021-12-27,True
243,John Doe,robert.brown@example.com,18-25,San Francisco,2022-03-01,True
244,Clark Kent,robert.brown@example.com,18-25,Los Angeles,2023-04-16,True
245,Jane Smith,sarah.connor@example.com,18-25,Denver,2021-03-05,True
246,Clark Kent,clark.kent@example.com,46-55,San Francisco,2021-01-07,True
247,John Doe,robert.brown@example.com,36-45,Dallas,2021-12-11,True
248,Mary Jane,mary.jane@example.com,26-35,New York,2022-09-07,True
249,Bruce Wayne,john.doe@example.com,46-55,Austin,2021-10-02,True
250,Jane Smith,james.bond@example.com,46-55,Denver,2022-12-05,True
251,Emily Davis,james.bond@example.com,36-45,Denver,2023-09-28,True
252,John Doe,sarah.connor@example.com,46-55,New York,2021-11-14,True
253,Michael Clark,sarah.connor@example.com,46-55,Boston,2022-02-04,True
254,Robert Brown,michael.clark@example.com,56+,Los Angeles,2022-08-24,True
255,Sarah Connor,emily.davis@example.com,26-35,San Francisco,2022-04-18,True
256,Jane Smith,jane.smith@example.com,36-45,Chicago,2023-02-06,True
257,Michael Clark,john.doe@example.com,56+,Austin,2021-02-23,True
258,John Doe,bruce.wayne@example.com,26-35,Dallas,2022-09-13,True
259,Emily Davis,clark.kent@example.com,56+,New York,2021-09-06,True
260,Sarah Connor,sarah.connor@example.com,56+,Dallas,2022-09-15,True
261,Sarah Connor,bruce.wayne@example.com,18-25,San Francisco,2023-10-04,True
262,Robert Brown,michael.clark@example.com,36-45,New York,2023-12-15,True
263,Bruce Wayne,michael.clark@example.com,56+,New York,2022-02-17,True
264,John Doe,clark.kent@example.com,18-25,Austin,2021-07-20,True
265,Clark Kent,jane.smith@example.com,26-35,Seattle,2022-03-18,True
266,Sarah Connor,sarah.connor@example.com,56+,Los Angeles,2021-07-26,True
267,Mary Jane,robert.brown@example.com,36-45,Austin,2023-05-23,True
268,John Doe,jane.smith@example.com,18-25,Dallas,2023-02-18,True
269,James Bond,james.bond@example.com,26-35,New York,2021-02-10,True
270,Jane Smith,bruce.wayne@example.com,26-35,Miami,2022-04-07,True
271,Sarah Connor,sarah.connor@example.com,46-55,Los Angeles,2023-07-01,True
272,Clark Kent,emily.davis@example.com,18-25,Denver,2023-02-22,True
273,Michael Clark,michael.clark@example.com,36-45,San Francisco,2022-11-19,True
274,Jane Smith,mary.jane@example.com,26-35,Dallas,2021-01-09,True
275,James Bond,michael.clark@example.com,26-35,New York,2022-06-18,True
276,Clark Kent,james.bond@example.com,18-25,Miami,2023-01-22,True
277,James Bond,mary.jane@example.com,56+,New York,2021-04-13,True
278,Robert Brown,clark.kent@example.com,36-45,Seattle,2023-05-07,True
279,James Bond,emily.davis@example.com,26-35,New York,2022-11-06,True
280,James Bond,mary.jane@example.com,56+,Miami,2022-10-23,True
281,James Bond,jane.smith@example.com,18-25,Miami,2022-09-12,True
282,Sarah Connor,michael.clark@example.com,18-25,Dallas,2021-08-14,True
283,Bruce Wayne,clark.kent@example.com,56+,Seattle,2021-02-10,True
284,Mary Jane,jane.smith@example.com,56+,Austin,2021-01-02,True
285,Bruce Wayne,james.bond@example.com,18-25,Denver,2022-01-04,True
286,John Doe,clark.kent@example.com,36-45,New York,2022-06-12,True
287,Emily Davis,clark.kent@example.com,56+,New York,2022-05-07,True
288,Bruce Wayne,emily.davis@example.com,26-35,Chicago,2021-01-23,True
289,James Bond,jane.smith@example.com,36-45,Austin,2023-03-02,True
290,Mary Jane,emily.davis@example.com,36-45,Chicago,2022-03-26,True
291,Clark Kent,michael.clark@example.com,36-45,Austin,2021-03-15,True
292,Mary Jane,emily.davis@example.com,46-55,Miami,2022-09-23,True
293,James Bond,clark.kent@example.com,36-45,Seattle,2023-06-25,True
294,Sarah Connor,bruce.wayne@example.com,56+,Los Angeles,2023-12-20,True
295,Emily Davis,sarah.connor@example.com,18-25,Boston,2022-05-14,True
296,Sarah Connor,mary.jane@example.com,36-45,New York,2022-02-17,True
297,Emily Davis,bruce.wayne@example.com,36-45,New York,2021-12-12,True
298,Jane Smith,clark.kent@example.com,46-55,Miami,2023-11-06,True
299,Clark Kent,sarah.connor@example.com,56+,Chicago,2023-07-22,True
300,Clark Kent,john.doe@example.com,18-25,San Francisco,2021-04-09,True
301,Jane Smith,mary.jane@example.com,46-55,Chicago,2023-04-24,True
302,Robert Brown,james.bond@example.com,56+,Boston,2022-11-21,True
303,John Doe,jane.smith@example.com,18-25,New York,2021-06-02,True
304,Sarah Connor,john.doe@example.com,56+,Boston,2022-03-02,True
305,Clark Kent,jane.smith@example.com,18-25,Los Angeles,2023-07-09,True
306,Robert Brown,john.doe@example.com,18-25,Denver,2021-08-24,True
307,Bruce Wayne,jane.smith@example.com,46-55,Dallas,2021-01-21,True
308,Clark Kent,james.bond@example.com,18-25,Chicago,2021-11-12,True
309,Clark Kent,jane.smith@example.com,18-25,Seattle,2023-05-09,True
310,Bruce Wayne,james.bond@example.com,56+,Chicago,2021-03-17,True
311,Jane Smith,jane.smith@example.com,26-35,Dallas,2021-10-20,True
312,Michael Clark,mary.jane@example.com,26-35,Miami,2021-08-06,True
313,John Doe,sarah.connor@example.com,26-35,San Francisco,2021-02-19,True
314,Jane Smith,mary.jane@example.com,18-25,Los Angeles,2021-10-12,True
315,Bruce Wayne,robert.brown@example.com,18-25,Chicago,2023-01-16,True
316,John Doe,james.bond@example.com,26-35,Seattle,2021-09-11,True
317,Sarah Connor,mary.jane@example.com,26-35,Dallas,2022-04-21,True
318,Clark Kent,robert.brown@example.com,46-55,Miami,2022-12-24,True
319,Clark Kent,jane.smith@example.com,36-45,Chicago,2022-12-12,True
320,Mary Jane,emily.davis@example.com,56+,Boston,2021-02-23,True
321,Sarah Connor,john.doe@example.com,36-45,New York,2023-12-21,True
322,Sarah Connor,michael.clark@example.com,46-55,Austin,2023-04-22,True
323,Mary Jane,bruce.wayne@example.com,26-35,Boston,2022-11-16,True
324,Clark Kent,emily.davis@example.com,46-55,Boston,2021-11-03,True
325,Bruce Wayne,jane.smith@example.com,26-35,New York,2021-03-13,True
326,Jane Smith,clark.kent@example.com,36-45,Dallas,2022-08-20,True
327,Robert Brown,robert.brown@example.com,36-45,Dallas,2022-04-22,True
328,Robert Brown,mary.jane@example.com,26-35,Dallas,2023-11-24,True
329,Bruce Wayne,bruce.wayne@example.com,36-45,Boston,2023-07-25,True
330,Sarah Connor,james.bond@example.com,18-25,San Francisco,2021-08-15,True
331,John Doe,jane.smith@example.com,46-55,Los Angeles,2023-02-15,True
332,John Doe,robert.brown@example.com,36-45,Miami,2021-04-24,True
333,Michael Clark,bruce.wayne@example.com,56+,Austin,2023-07-21,True
334,Bruce Wayne,clark.kent@example.com,46-55,Boston,2022-06-12,True
335,Sarah Connor,clark.kent@example.com,56+,New York,2023-10-02,True
336,Michael Clark,sarah.connor@example.com,18-25,Dallas,2023-05-28,True
337,Robert Brown,mary.jane@example.com,18-25,New York,2021-03-03,True
338,John Doe,john.doe@example.com,46-55,Austin,2022-09-03,True
339,Emily Davis,mary.jane@example.com,36-45,San Francisco,2021-01-12,True
340,John Doe,clark.kent@example.com,46-55,Austin,2022-03-24,True
341,Bruce Wayne,robert.brown@example.com,36-45,Los Angeles,2023-10-21,True
342,Jane Smith,clark.kent@example.com,46-55,Seattle,2022-04-26,True
343,Emily Davis,john.doe@example.com,18-25,Chicago,2022-10-11,True
344,James Bond,mary.jane@example.com,26-35,Denver,2022-10-06,True
345,John Doe,robert.brown@example.com,46-55,New York,2022-11-19,True
346,Mary Jane,clark.kent@example.com,26-35,Seattle,2022-02-28,True
347,Sarah Connor,robert.brown@example.com,36-45,San Francisco,2022-10-10,True
348,Robert Brown,michael.clark@example.com,46-55,Chicago,2021-11-05,True
349,John Doe,sarah.connor@example.com,56+,Dallas,2021-10-26,True
350,Jane Smith,emily.davis@example.com,46-55,New York,2021-05-13,True
351,James Bond,james.bond@example.com,18-25,Dallas,2021-06-23,True
352,Michael Clark,robert.brown@example.com,46-55,Los Angeles,2021-02-17,True
353,Jane Smith,john.doe@example.com,46-55,San Francisco,2022-10-22,True
354,Robert Brown,john.doe@example.com,18-25,San Francisco,2022-09-20,True
355,Jane Smith,mary.jane@example.com,46-55,Austin,2021-10-07,True
356,Mary Jane,jane.smith@example.com,18-25,Boston,2022-08-23,True
357,Mary Jane,robert.brown@example.com,46-55,Seattle,2022-05-08,True
358,John Doe,mary.jane@example.com,18-25,New York,2021-01-05,True
359,Bruce Wayne,john.doe@example.com,46-55,Austin,2021-08-21,True
360,Emily Davis,john.doe@example.com,26-35,Los Angeles,2022-02-18,True
361,Robert Brown,james.bond@example.com,46-55,Dallas,2023-11-09,True
362,Jane Smith,bruce.wayne@example.com,56+,Miami,2023-02-10,True
363,Mary Jane,james.bond@example.com,26-35,San Francisco,2021-11-28,True
364,Emily Davis,sarah.connor@example.com,56+,Chicago,2021-12-05,True
365,James Bond,john.doe@example.com,26-35,Dallas,2023-05-22,True
366,James Bond,clark.kent@example.com,26-35,Chicago,2022-10-04,True
367,Robert Brown,bruce.wayne@example.com,26-35,Austin,2023-04-20,True
368,Sarah Connor,clark.kent@example.com,36-45,New York,2021-04-06,True
369,Bruce Wayne,robert.brown@example.com,56+,Dallas,2023-03-07,True
370,John Doe,robert.brown@example.com,36-45,San Francisco,2023-11-24,True
371,Mary Jane,jane.smith@example.com,18-25,Chicago,2023-01-16,True
372,Robert Brown,mary.jane@example.com,26-35,Dallas,2022-11-21,True
373,Sarah Connor,mary.jane@example.com,56+,San Francisco,2021-01-15,True
374,Emily Davis,bruce.wayne@example.com,46-55,Seattle,2023-09-09,True
375,Robert Brown,robert.brown@example.com,46-55,Denver,2023-05-25,True
376,James Bond,robert.brown@example.com,18-25,Miami,2021-09-15,True
377,Mary Jane,mary.jane@example.com,26-35,Denver,2021-05-28,True
378,Jane Smith,robert.brown@example.com,56+,Dallas,2021-07-15,True
379,Clark Kent,james.bond@example.com,56+,San Francisco,2023-02-14,True
380,Clark Kent,michael.clark@example.com,56+,New York,2021-10-19,True
381,Clark Kent,jane.smith@example.com,46-55,San Francisco,2021-03-04,True
382,Mary Jane,michael.clark@example.com,18-25,New York,2021-05-15,True
383,Emily Davis,james.bond@example.com,56+,Chicago,2021-11-14,True
384,John Doe,michael.clark@example.com,36-45,Seattle,2022-11-25,True
385,Michael Clark,sarah.connor@example.com,36-45,Seattle,2021-07-15,True
386,Sarah Connor,bruce.wayne@example.com,18-25,Miami,2021-06-08,True
387,Jane Smith,jane.smith@example.com,36-45,Seattle,2021-11-14,True
388,John Doe,clark.kent@example.com,56+,New York,2022-05-08,True
389,James Bond,clark.kent@example.com,36-45,Denver,2023-08-08,True
390,Mary Jane,michael.clark@example.com,56+,Austin,2022-01-23,True
391,John Doe,jane.smith@example.com,18-25,Miami,2021-04-24,True
392,Robert Brown,james.bond@example.com,36-45,Denver,2023-01-07,True
393,Emily Davis,clark.kent@example.com,18-25,San Francisco,2021-03-01,True
394,Michael Clark,robert.brown@example.com,46-55,San Francisco,2022-02-28,True
395,Clark Kent,emily.davis@example.com,56+,Dallas,2021-05-28,True
396,Jane Smith,james.bond@example.com,26-35,Denver,2022-10-15,True
397,Clark Kent,michael.clark@example.com,36-45,Chicago,2023-03-21,True
398,Clark Kent,robert.brown@example.com,18-25,Miami,2022-11-18,True
399,James Bond,james.bond@example.com,56+,New York,2022-05-25,True
400,Emily Davis,michael.clark@example.com,36-45,Chicago,2022-01-19,True
401,Mary Jane,jane.smith@example.com,46-55,Denver,2021-06-15,True
402,Sarah Connor,james.bond@example.com,18-25,Dallas,2022-02-27,True
403,Robert Brown,john.doe@example.com,46-55,Miami,2022-11-24,True
404,James Bond,bruce.wayne@example.com,18-25,Dallas,2022-05-25,True
405,Mary Jane,jane.smith@example.com,56+,Los Angeles,2022-08-07,True
406,Clark Kent,john.doe@example.com,18-25,Boston,2023-02-16,True
407,John Doe,michael.clark@example.com,18-25,Los Angeles,2021-04-12,True
408,Bruce Wayne,mary.jane@example.com,56+,Miami,2022-10-08,True
409,Sarah Connor,mary.jane@example.com,26-35,Austin,2023-04-24,True
410,John Doe,michael.clark@example.com,56+,Miami,2022-02-10,True
411,John Doe,robert.brown@example.com,36-45,Miami,2023-03-14,True
412,John Doe,robert.brown@example.com,56+,Seattle,2023-12-13,True
413,James Bond,john.doe@example.com,18-25,Dallas,2022-11-08,True
414,James Bond,michael.clark@example.com,56+,New York,2021-01-18,True
415,Bruce Wayne,mary.jane@example.com,18-25,Chicago,2023-02-06,True
416,John Doe,jane.smith@example.com,46-55,Seattle,2023-11-04,True
417,Michael Clark,bruce.wayne@example.com,18-25,Boston,2021-09-02,True
418,Michael Clark,emily.davis@example.com,46-55,Austin,2023-03-14,True
419,Robert Brown,jane.smith@example.com,56+,Miami,2022-05-07,True
420,Robert Brown,mary.jane@example.com,56+,San Francisco,2021-02-06,True
421,Mary Jane,james.bond@example.com,56+,Miami,2023-08-19,True
422,Michael Clark,james.bond@example.com,56+,Dallas,2022-10-20,True
423,Jane Smith,robert.brown@example.com,36-45,Dallas,2021-06-17,True
424,Clark Kent,emily.davis@example.com,26-35,Chicago,2021-09-12,True
425,Bruce Wayne,sarah.connor@example.com,26-35,New York,2023-09-18,True
426,James Bond,emily.davis@example.com,26-35,Austin,2023-08-28,True
427,Emily Davis,bruce.wayne@example.com,18-25,Seattle,2022-11-13,True
428,Mary Jane,sarah.connor@example.com,46-55,Los Angeles,2022-03-10,True
429,Mary Jane,clark.kent@example.com,46-55,Los Angeles,2023-12-26,True
430,Clark Kent,jane.smith@example.com,18-25,New York,2021-02-01,True
431,Emily Davis,robert.brown@example.com,18-25,San Francisco,2023-03-16,True
432,Sarah Connor,john.doe@example.com,18-25,New York,2022-03-12,True
433,James Bond,john.doe@example.com,56+,Austin,2021-11-09,True
434,Bruce Wayne,james.bond@example.com,46-55,Chicago,2022-08-19,True
435,Emily Davis,sarah.connor@example.com,36-45,Chicago,2022-04-21,True
436,Michael Clark,jane.smith@example.com,56+,Seattle,2022-05-16,True
437,Robert Brown,clark.kent@example.com,26-35,Seattle,2022-12-13,True
438,Mary Jane,clark.kent@example.com,18-25,Dallas,2021-01-03,True
439,James Bond,bruce.wayne@example.com,46-55,Boston,2021-10-25,True
440,Jane Smith,james.bond@example.com,46-55,Miami,2021-06-04,True
441,John Doe,bruce.wayne@example.com,56+,Boston,2021-12-14,True
442,Robert Brown,james.bond@example.com,56+,Boston,2021-10-05,True
443,Michael Clark,john.doe@example.com,18-25,Seattle,2022-03-23,True
444,Clark Kent,bruce.wayne@example.com,18-25,Dallas,2022-04-14,True
445,Robert Brown,michael.clark@example.com,18-25,Denver,2021-09-21,True
446,Robert Brown,mary.jane@example.com,26-35,Boston,2021-11-21,True
447,Sarah Connor,clark.kent@example.com,18-25,Seattle,2021-11-19,True
448,Robert Brown,sarah.connor@example.com,36-45,Chicago,2023-04-13,True
449,Bruce Wayne,sarah.connor@example.com,26-35,Miami,2022-11-12,True
450,Robert Brown,robert.brown@example.com,26-35,San Francisco,2022-04-08,True
451,Michael Clark,michael.clark@example.com,36-45,Seattle,2022-01-08,True
452,Mary Jane,emily.davis@example.com,46-55,Seattle,2023-03-17,True
453,James Bond,jane.smith@example.com,26-35,Miami,2023-11-01,True
454,Clark Kent,mary.jane@example.com,36-45,Seattle,2021-03-18,True
455,Jane Smith,james.bond@example.com,46-55,Los Angeles,2022-04-22,True
456,Sarah Connor,john.doe@example.com,36-45,Boston,2023-03-09,True
457,Bruce Wayne,emily.davis@example.com,46-55,Miami,2021-04-02,True
458,Bruce Wayne,emily.davis@example.com,26-35,Chicago,2022-05-17,True
459,Emily Davis,john.doe@example.com,46-55,Austin,2022-03-16,True
460,Bruce Wayne,sarah.connor@example.com,56+,Los Angeles,2022-09-02,True
461,Jane Smith,bruce.wayne@example.com,18-25,Dallas,2022-05-04,True
462,Bruce Wayne,mary.jane@example.com,18-25,Chicago,2023-05-02,True
463,Robert Brown,robert.brown@example.com,18-25,Miami,2023-05-12,True
464,Jane Smith,clark.kent@example.com,18-25,New York,2021-09-01,True
465,Mary Jane,mary.jane@example.com,26-35,Seattle,2022-11-28,True
466,Jane Smith,michael.clark@example.com,46-55,Austin,2021-09-07,True
467,Michael Clark,robert.brown@example.com,26-35,Austin,2021-05-24,True
468,Robert Brown,robert.brown@example.com,46-55,Dallas,2021-12-24,True
469,Bruce Wayne,john.doe@example.com,26-35,San Francisco,2021-05-28,True
470,John Doe,clark.kent@example.com,18-25,New York,2023-05-01,True
471,Clark Kent,sarah.connor@example.com,18-25,New York,2021-07-28,True
472,Mary Jane,james.bond@example.com,26-35,Denver,2023-08-22,True
473,Bruce Wayne,clark.kent@example.com,18-25,Austin,2023-12-22,True
474,Jane Smith,john.doe@example.com,46-55,Denver,2021-01-22,True
475,Mary Jane,james.bond@example.com,46-55,Austin,2023-08-24,True
476,Clark Kent,emily.davis@example.com,18-25,New York,2021-02-02,True
477,Robert Brown,robert.brown@example.com,56+,Austin,2022-02-21,True
478,Jane Smith,clark.kent@example.com,18-25,Dallas,2021-09-25,True
479,Mary Jane,jane.smith@example.com,36-45,Miami,2021-09-02,True
480,Mary Jane,michael.clark@example.com,36-45,San Francisco,2022-02-03,True
481,Emily Davis,james.bond@example.com,18-25,Miami,2022-03-06,True
482,Clark Kent,james.bond@example.com,18-25,Denver,2022-09-20,True
483,Michael Clark,emily.davis@example.com,56+,Los Angeles,2022-10-17,True
484,Michael Clark,jane.smith@example.com,46-55,Denver,2021-02-25,True
485,Robert Brown,james.bond@example.com,26-35,Boston,2022-12-06,True
486,Mary Jane,clark.kent@example.com,18-25,Boston,2023-10-26,True
487,John Doe,clark.kent@example.com,18-25,Los Angeles,2022-03-28,True
488,Emily Davis,mary.jane@example.com,46-55,New York,2022-09-20,True
489,Mary Jane,bruce.wayne@example.com,26-35,Boston,2023-06-25,True
490,Clark Kent,emily.davis@example.com,18-25,Denver,2023-01-02,True
491,Emily Davis,sarah.connor@example.com,46-55,Los Angeles,2023-09-10,True
492,Michael Clark,robert.brown@example.com,36-45,Chicago,2022-10-22,True
493,James Bond,emily.davis@example.com,56+,Los Angeles,2023-01-12,True
494,Sarah Connor,john.doe@example.com,56+,New York,2023-02-15,True
495,Mary Jane,mary.jane@example.com,26-35,Austin,2023-11-12,True
496,Michael Clark,michael.clark@example.com,46-55,Los Angeles,2021-06-02,True
497,Jane Smith,sarah.connor@example.com,26-35,Chicago,2022-02-15,True
498,Emily Davis,michael.clark@example.com,56+,Dallas,2022-06-14,True
499,Michael Clark,michael.clark@example.com,56+,San Francisco,2021-02-19,True
500,Bruce Wayne,bruce.wayne@example.com,56+,Los Angeles,2021-06-02,True
501,James Bond,sarah.connor@example.com,36-45,Seattle,2021-08-28,True
502,John Doe,bruce.wayne@example.com,26-35,Miami,2021-03-28,True
503,Clark Kent,jane.smith@example.com,46-55,Austin,2021-01-01,True
504,Clark Kent,michael.clark@example.com,36-45,Denver,2023-04-25,True
505,Mary Jane,robert.brown@example.com,26-35,Seattle,2023-07-05,True
506,Clark Kent,clark.kent@example.com,36-45,San Francisco,2023-01-08,True
507,Jane Smith,michael.clark@example.com,18-25,Dallas,2022-08-03,True
508,Sarah Connor,clark.kent@example.com,56+,San Francisco,2023-06-07,True
509,Jane Smith,james.bond@example.com,18-25,Boston,2023-08-14,True
510,John Doe,mary.jane@example.com,46-55,Los Angeles,2021-01-26,True
511,James Bond,clark.kent@example.com,56+,Dallas,2023-07-10,True
512,Mary Jane,jane.smith@example.com,26-35,San Francisco,2023-10-06,True
513,Clark Kent,john.doe@example.com,56+,New York,2022-12-24,True
514,Sarah Connor,clark.kent@example.com,46-55,Miami,2022-06-14,True
515,Mary Jane,michael.clark@example.com,26-35,Austin,2023-06-24,True
516,Jane Smith,jane.smith@example.com,56+,Chicago,2022-05-27,True
517,James Bond,emily.davis@example.com,56+,Boston,2021-03-03,True
518,Emily Davis,john.doe@example.com,36-45,Boston,2021-03-08,True
519,Emily Davis,emily.davis@example.com,46-55,Miami,2021-04-17,True
520,Mary Jane,john.doe@example.com,56+,Boston,2023-04-11,True
521,Jane Smith,mary.jane@example.com,26-35,Miami,2021-01-20,True
522,Bruce Wayne,sarah.connor@example.com,26-35,Dallas,2023-12-12,True
523,Robert Brown,john.doe@example.com,46-55,Boston,2021-03-04,True
524,Michael Clark,mary.jane@example.com,36-45,Denver,2022-11-05,True
525,Emily Davis,michael.clark@example.com,56+,Austin,2021-05-08,True
526,Robert Brown,john.doe@example.com,26-35,San Francisco,2022-11-14,True
527,Michael Clark,sarah.connor@example.com,18-25,Los Angeles,2021-06-23,True
528,Mary Jane,bruce.wayne@example.com,36-45,Chicago,2023-11-12,True
529,Jane Smith,emily.davis@example.com,18-25,Dallas,2022-06-28,True
530,Bruce Wayne,jane.smith@example.com,46-55,Boston,2023-10-18,True
531,Michael Clark,sarah.connor@example.com,36-45,San Francisco,2022-01-15,True
532,Michael Clark,bruce.wayne@example.com,26-35,New York,2022-05-24,True
533,Mary Jane,james.bond@example.com,56+,San Francisco,2022-01-22,True
534,Sarah Connor,emily.davis@example.com,26-35,San Francisco,2023-12-16,True
535,Mary Jane,mary.jane@example.com,56+,Austin,2023-01-15,True
536,Michael Clark,clark.kent@example.com,18-25,Los Angeles,2022-04-13,True
537,Sarah Connor,robert.brown@example.com,46-55,New York,2022-09-02,True
538,Michael Clark,jane.smith@example.com,18-25,Chicago,2023-07-16,True
539,Sarah Connor,clark.kent@example.com,56+,Seattle,2023-06-16,True
540,John Doe,robert.brown@example.com,56+,San Francisco,2021-11-22,True
541,John Doe,jane.smith@example.com,46-55,Denver,2023-03-24,True
542,Emily Davis,emily.davis@example.com,18-25,Chicago,2022-07-09,True
543,Jane Smith,sarah.connor@example.com,26-35,Denver,2022-11-19,True
544,Sarah Connor,mary.jane@example.com,36-45,New York,2022-02-03,True
545,James Bond,sarah.connor@example.com,26-35,Denver,2023-02-09,True
546,John Doe,michael.clark@example.com,26-35,Miami,2023-07-23,True
547,Michael Clark,bruce.wayne@example.com,56+,Denver,2023-11-16,True
548,Jane Smith,clark.kent@example.com,26-35,Boston,2023-01-06,True
549,John Doe,james.bond@example.com,36-45,San Francisco,2023-10-16,True
550,Bruce Wayne,john.doe@example.com,18-25,Denver,2021-06-22,True
551,Michael Clark,sarah.connor@example.com,18-25,Austin,2021-09-05,True
552,James Bond,mary.jane@example.com,46-55,San Francisco,2022-01-17,True
553,Sarah Connor,robert.brown@example.com,26-35,Los Angeles,2023-05-03,True
554,Robert Brown,mary.jane@example.com,46-55,Seattle,2023-12-13,True
555,Jane Smith,emily.davis@example.com,18-25,Chicago,2023-06-18,True
556,James Bond,jane.smith@example.com,26-35,New York,2023-06-17,True
557,Emily Davis,sarah.connor@example.com,18-25,New York,2023-07-19,True
558,Sarah Connor,sarah.connor@example.com,18-25,Chicago,2021-06-13,True
559,Clark Kent,jane.smith@example.com,26-35,Denver,2021-12-21,True
560,Jane Smith,sarah.connor@example.com,26-35,Miami,2023-08-04,True
561,Bruce Wayne,clark.kent@example.com,18-25,Dallas,2021-02-21,True
562,James Bond,robert.brown@example.com,46-55,Dallas,2022-07-25,True
563,Michael Clark,emily.davis@example.com,26-35,Chicago,2022-02-24,True
564,Emily Davis,sarah.connor@example.com,36-45,Denver,2021-02-11,True
565,Robert Brown,james.bond@example.com,56+,Los Angeles,2022-09-25,True
566,Sarah Connor,sarah.connor@example.com,46-55,Seattle,2021-01-20,True
567,James Bond,michael.clark@example.com,36-45,Chicago,2021-09-18,True
568,Mary Jane,mary.jane@example.com,18-25,Los Angeles,2022-06-22,True
569,Clark Kent,clark.kent@example.com,18-25,Austin,2023-11-02,True
570,James Bond,jane.smith@example.com,36-45,Austin,2021-11-14,True
571,Clark Kent,michael.clark@example.com,56+,Dallas,2023-07-09,True
572,Michael Clark,john.doe@example.com,46-55,San Francisco,2022-08-22,True
573,Emily Davis,john.doe@example.com,18-25,Chicago,2023-01-10,True
574,Mary Jane,bruce.wayne@example.com,56+,Austin,2021-06-21,True
575,John Doe,james.bond@example.com,56+,Boston,2023-07-15,True
576,Emily Davis,mary.jane@example.com,56+,Austin,2021-12-08,True
577,Sarah Connor,bruce.wayne@example.com,26-35,Denver,2022-03-13,True
578,Robert Brown,sarah.connor@example.com,46-55,San Francisco,2023-08-14,True
579,Bruce Wayne,bruce.wayne@example.com,26-35,Boston,2022-10-02,True
580,James Bond,john.doe@example.com,18-25,Boston,2021-10-08,True
581,Mary Jane,michael.clark@example.com,26-35,San Francisco,2022-04-10,True
582,Clark Kent,john.doe@example.com,18-25,San Francisco,2021-05-11,True
583,Robert Brown,mary.jane@example.com,18-25,Miami,2022-07-05,True
584,Robert Brown,michael.clark@example.com,46-55,San Francisco,2021-12-15,True
585,Mary Jane,sarah.connor@example.com,56+,Dallas,2023-02-16,True
586,Sarah Connor,emily.davis@example.com,56+,Dallas,2021-07-02,True
587,James Bond,emily.davis@example.com,36-45,Seattle,2021-11-01,True
588,Clark Kent,clark.kent@example.com,36-45,Boston,2021-07-23,True
589,Mary Jane,clark.kent@example.com,18-25,Austin,2021-02-10,True
590,Jane Smith,sarah.connor@example.com,36-45,Dallas,2023-05-22,True
591,Bruce Wayne,mary.jane@example.com,18-25,San Francisco,2023-08-07,True
592,Jane Smith,john.doe@example.com,46-55,Denver,2023-03-02,True
593,James Bond,jane.smith@example.com,18-25,Seattle,2023-06-04,True
594,Sarah Connor,mary.jane@example.com,46-55,Austin,2023-10-14,True
595,Jane Smith,mary.jane@example.com,26-35,San Francisco,2021-02-24,True
596,John Doe,robert.brown@example.com,18-25,Seattle,2022-12-14,True
597,Michael Clark,emily.davis@example.com,26-35,Austin,2021-04-08,True
598,Bruce Wayne,clark.kent@example.com,26-35,San Francisco,2022-10-05,True
599,John Doe,robert.brown@example.com,18-25,New York,2021-12-19,True
600,Emily Davis,mary.jane@example.com,26-35,Denver,2021-07-28,True
601,Bruce Wayne,bruce.wayne@example.com,18-25,San Francisco,2021-02-19,True
602,Clark Kent,sarah.connor@example.com,56+,Chicago,2023-09-01,True
603,Clark Kent,robert.brown@example.com,26-35,New York,2022-10-22,True
604,Mary Jane,emily.davis@example.com,26-35,Seattle,2022-12-25,True
605,Jane Smith,mary.jane@example.com,46-55,Chicago,2022-02-25,True
606,Sarah Connor,jane.smith@example.com,36-45,Miami,2021-09-07,True
607,Jane Smith,james.bond@example.com,46-55,Denver,2023-08-11,True
608,Jane Smith,clark.kent@example.com,46-55,Dallas,2023-10-09,True
609,Mary Jane,clark.kent@example.com,26-35,Miami,2021-05-04,True
610,James Bond,james.bond@example.com,46-55,Boston,2022-01-05,True
611,Clark Kent,emily.davis@example.com,18-25,Boston,2022-12-06,True
612,Michael Clark,michael.clark@example.com,36-45,Seattle,2022-06-01,True
613,James Bond,emily.davis@example.com,18-25,Los Angeles,2022-02-08,True
614,Emily Davis,sarah.connor@example.com,46-55,New York,2023-03-18,True
615,Mary Jane,jane.smith@example.com,46-55,Denver,2021-08-14,True
616,Clark Kent,clark.kent@example.com,56+,New York,2023-03-13,True
617,Michael Clark,emily.davis@example.com,56+,Dallas,2023-06-18,True
618,John Doe,bruce.wayne@example.com,36-45,Denver,2022-03-26,True
619,Emily Davis,james.bond@example.com,18-25,Miami,2021-11-24,True
620,James Bond,robert.brown@example.com,46-55,New York,2022-07-08,True
621,Sarah Connor,clark.kent@example.com,18-25,Seattle,2022-01-05,True
622,Sarah Connor,robert.brown@example.com,46-55,Seattle,2021-07-27,True
623,Bruce Wayne,michael.clark@example.com,36-45,New York,2023-12-13,True
624,Sarah Connor,john.doe@example.com,56+,Boston,2023-02-07,True
625,Jane Smith,jane.smith@example.com,56+,Dallas,2023-05-22,True
626,James Bond,robert.brown@example.com,46-55,Austin,2021-04-06,True
627,John Doe,james.bond@example.com,18-25,Boston,2021-09-12,True
628,John Doe,emily.davis@example.com,46-55,Seattle,2021-11-09,True
629,Michael Clark,john.doe@example.com,56+,San Francisco,2021-11-07,True
630,Clark Kent,emily.davis@example.com,56+,Miami,2022-01-12,True
631,Clark Kent,emily.davis@example.com,18-25,Austin,2023-03-17,True
632,Clark Kent,sarah.connor@example.com,46-55,San Francisco,2022-07-17,True
633,John Doe,sarah.connor@example.com,36-45,Dallas,2023-08-13,True
634,Sarah Connor,robert.brown@example.com,56+,Dallas,2022-03-28,True
635,Emily Davis,john.doe@example.com,26-35,New York,2021-07-08,True
636,Mary Jane,robert.brown@example.com,46-55,Austin,2021-05-25,True
637,Bruce Wayne,clark.kent@example.com,18-25,Chicago,2021-03-09,True
638,Michael Clark,bruce.wayne@example.com,18-25,Austin,2023-11-20,True
639,Jane Smith,james.bond@example.com,56+,Chicago,2021-05-28,True
640,Mary Jane,michael.clark@example.com,36-45,San Francisco,2022-04-01,True
641,Clark Kent,michael.clark@example.com,18-25,Denver,2021-02-19,True
642,Mary Jane,mary.jane@example.com,26-35,Dallas,2023-02-17,True
643,James Bond,michael.clark@example.com,36-45,Los Angeles,2023-01-07,True
644,James Bond,sarah.connor@example.com,36-45,Boston,2022-01-03,True
645,Mary Jane,john.doe@example.com,56+,Seattle,2021-05-14,True
646,James Bond,robert.brown@example.com,46-55,San Francisco,2021-06-25,True
647,Emily Davis,jane.smith@example.com,36-45,Boston,2023-06-04,True
648,Clark Kent,michael.clark@example.com,46-55,Chicago,2022-10-07,True
649,Robert Brown,jane.smith@example.com,18-25,Chicago,2022-04-26,True
650,John Doe,john.doe@example.com,36-45,Austin,2023-11-27,True
651,Bruce Wayne,mary.jane@example.com,26-35,San Francisco,2023-05-08,True
652,Emily Davis,sarah.connor@example.com,18-25,Miami,2021-11-13,True
653,Sarah Connor,clark.kent@example.com,56+,Austin,2022-04-11,True
654,James Bond,mary.jane@example.com,36-45,Chicago,2022-12-23,True
655,Emily Davis,bruce.wayne@example.com,56+,New York,2022-05-25,True
656,Robert Brown,robert.brown@example.com,56+,Miami,2023-09-28,True
657,Robert Brown,jane.smith@example.com,56+,Boston,2022-08-24,True
658,Emily Davis,clark.kent@example.com,36-45,Austin,2021-11-01,True
659,Robert Brown,michael.clark@example.com,26-35,Miami,2023-06-25,True
660,Sarah Connor,michael.clark@example.com,18-25,Chicago,2022-10-05,True
661,Clark Kent,clark.kent@example.com,46-55,Miami,2021-01-16,True
662,Emily Davis,bruce.wayne@example.com,56+,Los Angeles,2021-09-15,True
663,James Bond,bruce.wayne@example.com,36-45,Austin,2021-12-04,True
664,Clark Kent,sarah.connor@example.com,56+,Dallas,2022-05-26,True
665,Jane Smith,james.bond@example.com,56+,Boston,2023-03-11,True
666,Emily Davis,jane.smith@example.com,18-25,Seattle,2023-03-06,True
667,Robert Brown,jane.smith@example.com,26-35,San Francisco,2021-04-28,True
668,Robert Brown,john.doe@example.com,26-35,Los Angeles,2022-09-26,True
669,Mary Jane,mary.jane@example.com,18-25,Denver,2021-08-17,True
670,Emily Davis,michael.clark@example.com,56+,New York,2023-08-15,True
671,Clark Kent,emily.davis@example.com,46-55,Seattle,2021-09-27,True
672,Mary Jane,jane.smith@example.com,56+,Seattle,2021-05-22,True
673,James Bond,bruce.wayne@example.com,46-55,New York,2021-12-20,True
674,Sarah Connor,robert.brown@example.com,56+,Los Angeles,2023-02-08,True
675,Emily Davis,bruce.wayne@example.com,18-25,Seattle,2022-10-15,True
676,Jane Smith,michael.clark@example.com,26-35,Los Angeles,2022-08-20,True
677,Jane Smith,jane.smith@example.com,56+,Miami,2021-11-25,True
678,Clark Kent,jane.smith@example.com,36-45,Boston,2023-01-18,True
679,John Doe,clark.kent@example.com,18-25,Boston,2023-06-13,True
680,Robert Brown,james.bond@example.com,26-35,Boston,2021-09-24,True
681,Michael Clark,robert.brown@example.com,46-55,Los Angeles,2021-04-13,True
682,Jane Smith,james.bond@example.com,18-25,Dallas,2021-03-10,True
683,John Doe,john.doe@example.com,36-45,Austin,2023-06-18,True
684,Jane Smith,bruce.wayne@example.com,36-45,Dallas,2021-10-16,True
685,James Bond,john.doe@example.com,18-25,Boston,2021-07-26,True
686,Bruce Wayne,sarah.connor@example.com,46-55,Los Angeles,2021-02-21,True
687,Mary Jane,emily.davis@example.com,56+,Denver,2023-10-23,True
688,John Doe,robert.brown@example.com,36-45,Dallas,2021-06-17,True
689,Jane Smith,clark.kent@example.com,26-35,Denver,2021-02-04,True
690,John Doe,michael.clark@example.com,26-35,Dallas,2021-11-01,True
691,Mary Jane,emily.davis@example.com,56+,Miami,2022-01-10,True
692,Sarah Connor,john.doe@example.com,18-25,New York,2022-10-23,True
693,James Bond,robert.brown@example.com,18-25,San Francisco,2023-10-07,True
694,Michael Clark,bruce.wayne@example.com,18-25,Los Angeles,2023-04-01,True
695,Clark Kent,mary.jane@example.com,18-25,Dallas,2023-08-04,True
696,John Doe,sarah.connor@example.com,26-35,Austin,2023-10-17,True
697,James Bond,robert.brown@example.com,46-55,Seattle,2022-02-11,True
698,John Doe,mary.jane@example.com,56+,Dallas,2021-01-06,True
699,James Bond,jane.smith@example.com,26-35,Los Angeles,2023-05-22,True
700,Bruce Wayne,mary.jane@example.com,46-55,Austin,2022-11-27,True
701,Michael Clark,jane.smith@example.com,46-55,New York,2023-10-21,True
702,James Bond,sarah.connor@example.com,18-25,Dallas,2021-09-26,True
703,Emily Davis,robert.brown@example.com,26-35,San Francisco,2022-04-20,True
704,Robert Brown,mary.jane@example.com,36-45,Denver,2023-08-17,True
705,Mary Jane,michael.clark@example.com,46-55,Dallas,2023-08-10,True
706,Emily Davis,michael.clark@example.com,46-55,Los Angeles,2023-09-02,True
707,Bruce Wayne,bruce.wayne@example.com,46-55,Denver,2021-01-20,True
708,James Bond,james.bond@example.com,56+,Miami,2022-01-11,True
709,Bruce Wayne,robert.brown@example.com,46-55,Seattle,2021-10-09,True
710,Bruce Wayne,michael.clark@example.com,18-25,San Francisco,2022-06-24,True
711,Emily Davis,emily.davis@example.com,36-45,Miami,2023-07-23,True
712,John Doe,bruce.wayne@example.com,36-45,Seattle,2023-10-16,True
713,Sarah Connor,james.bond@example.com,26-35,Austin,2023-02-08,True
714,Robert Brown,clark.kent@example.com,36-45,Miami,2022-01-17,True
715,James Bond,mary.jane@example.com,18-25,Denver,2021-06-01,True
716,Robert Brown,jane.smith@example.com,18-25,Boston,2021-11-12,True
717,Emily Davis,jane.smith@example.com,56+,Boston,2022-03-15,True
718,John Doe,bruce.wayne@example.com,46-55,Los Angeles,2023-06-02,True
719,James Bond,john.doe@example.com,36-45,Dallas,2023-04-09,True
720,Robert Brown,clark.kent@example.com,36-45,Denver,2022-01-04,True
721,Michael Clark,jane.smith@example.com,46-55,Seattle,2021-05-04,True
722,Robert Brown,robert.brown@example.com,36-45,Austin,2023-07-24,True
723,James Bond,robert.brown@example.com,18-25,Chicago,2023-11-15,True
724,Robert Brown,john.doe@example.com,36-45,Austin,2021-08-19,True
725,Emily Davis,jane.smith@example.com,56+,San Francisco,2022-11-23,True
726,Michael Clark,emily.davis@example.com,46-55,Denver,2023-03-20,True
727,Mary Jane,sarah.connor@example.com,36-45,Dallas,2022-06-21,True
728,Robert Brown,clark.kent@example.com,26-35,Seattle,2021-06-24,True
729,Bruce Wayne,bruce.wayne@example.com,18-25,Miami,2021-02-08,True
730,Mary Jane,robert.brown@example.com,46-55,Los Angeles,2023-02-27,True
731,Robert Brown,jane.smith@example.com,26-35,Miami,2023-08-21,True
732,Bruce Wayne,mary.jane@example.com,36-45,Chicago,2021-11-28,True
733,Robert Brown,sarah.connor@example.com,46-55,Los Angeles,2022-10-10,True
734,Michael Clark,robert.brown@example.com,18-25,Denver,2022-08-23,True
735,James Bond,sarah.connor@example.com,36-45,New York,2022-02-20,True
736,Bruce Wayne,jane.smith@example.com,56+,Chicago,2022-09-24,True
737,Sarah Connor,sarah.connor@example.com,26-35,Miami,2023-09-02,True
738,Bruce Wayne,clark.kent@example.com,46-55,Austin,2022-02-09,True
739,Bruce Wayne,james.bond@example.com,56+,New York,2022-10-13,True
740,Jane Smith,james.bond@example.com,18-25,Dallas,2022-11-14,True
741,John Doe,clark.kent@example.com,56+,New York,2022-10-14,True
742,Michael Clark,robert.brown@example.com,36-45,Dallas,2023-09-28,True
743,Mary Jane,james.bond@example.com,18-25,Dallas,2023-05-18,True
744,Emily Davis,clark.kent@example.com,56+,Boston,2022-03-22,True
745,James Bond,jane.smith@example.com,26-35,Denver,2023-02-06,True
746,Bruce Wayne,sarah.connor@example.com,46-55,Miami,2021-01-05,True
747,Clark Kent,james.bond@example.com,46-55,San Francisco,2023-04-12,True
748,Emily Davis,mary.jane@example.com,26-35,Austin,2022-08-13,True
749,Robert Brown,james.bond@example.com,26-35,Miami,2021-10-26,True
750,Michael Clark,john.doe@example.com,46-55,Los Angeles,2021-02-20,True
751,James Bond,clark.kent@example.com,26-35,Denver,2023-05-23,True
752,Michael Clark,robert.brown@example.com,26-35,San Francisco,2022-03-01,True
753,Clark Kent,robert.brown@example.com,18-25,New York,2021-04-06,True
754,Michael Clark,john.doe@example.com,46-55,Dallas,2022-05-27,True
755,Clark Kent,emily.davis@example.com,46-55,Miami,2022-07-19,True
756,Emily Davis,john.doe@example.com,36-45,Seattle,2021-12-24,True
757,Jane Smith,emily.davis@example.com,46-55,San Francisco,2023-12-03,True
758,Robert Brown,james.bond@example.com,56+,Seattle,2021-05-23,True
759,Jane Smith,bruce.wayne@example.com,36-45,Denver,2023-06-26,True
760,Jane Smith,james.bond@example.com,46-55,Denver,2023-11-25,True
761,Robert Brown,john.doe@example.com,46-55,Denver,2023-12-07,True
762,Robert Brown,bruce.wayne@example.com,18-25,Boston,2023-04-16,True
763,James Bond,clark.kent@example.com,18-25,Denver,2021-11-07,True
764,Michael Clark,sarah.connor@example.com,46-55,Chicago,2022-01-26,True
765,Robert Brown,mary.jane@example.com,56+,Seattle,2023-12-04,True
766,James Bond,robert.brown@example.com,46-55,Austin,2022-07-24,True
767,Bruce Wayne,emily.davis@example.com,56+,Miami,2022-09-17,True
768,Michael Clark,john.doe@example.com,46-55,Denver,2021-05-19,True
769,Robert Brown,emily.davis@example.com,36-45,Chicago,2023-11-04,True
770,Emily Davis,robert.brown@example.com,46-55,Los Angeles,2023-01-19,True
771,Jane Smith,robert.brown@example.com,18-25,Dallas,2023-06-17,True
772,James Bond,jane.smith@example.com,36-45,Seattle,2023-01-12,True
773,Bruce Wayne,mary.jane@example.com,26-35,Miami,2021-08-21,True
774,Sarah Connor,mary.jane@example.com,36-45,New York,2022-10-05,True
775,Jane Smith,james.bond@example.com,36-45,Austin,2021-12-26,True
776,Emily Davis,emily.davis@example.com,36-45,Seattle,2021-06-28,True
777,Jane Smith,bruce.wayne@example.com,26-35,Seattle,2021-07-19,True
778,Jane Smith,clark.kent@example.com,18-25,Dallas,2021-02-06,True
779,Robert Brown,john.doe@example.com,18-25,New York,2021-03-08,True
780,Mary Jane,bruce.wayne@example.com,46-55,Boston,2022-06-20,True
781,Clark Kent,robert.brown@example.com,56+,New York,2023-11-09,True
782,Jane Smith,jane.smith@example.com,56+,Seattle,2022-09-22,True
783,Bruce Wayne,michael.clark@example.com,26-35,Miami,2021-02-13,True
784,Bruce Wayne,john.doe@example.com,18-25,Denver,2023-08-14,True
785,Clark Kent,michael.clark@example.com,26-35,San Francisco,2022-05-17,True
786,John Doe,robert.brown@example.com,26-35,Los Angeles,2023-12-27,True
787,Robert Brown,bruce.wayne@example.com,26-35,Miami,2022-04-08,True
788,James Bond,emily.davis@example.com,26-35,New York,2022-01-06,True
789,Robert Brown,emily.davis@example.com,36-45,Miami,2022-04-27,True
790,Jane Smith,michael.clark@example.com,26-35,Dallas,2023-04-03,True
791,Michael Clark,jane.smith@example.com,26-35,Denver,2022-12-22,True
792,Robert Brown,bruce.wayne@example.com,56+,Miami,2022-10-13,True
793,Emily Davis,james.bond@example.com,36-45,Seattle,2022-10-05,True
794,Robert Brown,emily.davis@example.com,46-55,San Francisco,2022-07-23,True
795,Mary Jane,john.doe@example.com,26-35,Dallas,2023-08-17,True
796,Sarah Connor,robert.brown@example.com,56+,Dallas,2021-04-09,True
797,John Doe,emily.davis@example.com,18-25,Dallas,2022-01-12,True
798,Michael Clark,michael.clark@example.com,56+,New York,2022-08-09,True
799,Robert Brown,mary.jane@example.com,26-35,Chicago,2023-09-04,True
800,John Doe,mary.jane@example.com,46-55,Boston,2023-12-10,True
801,Jane Smith,mary.jane@example.com,56+,Austin,2021-03-26,True
802,Mary Jane,bruce.wayne@example.com,26-35,Chicago,2023-01-24,True
803,Michael Clark,michael.clark@example.com,56+,Seattle,2022-05-16,True
804,Michael Clark,robert.brown@example.com,18-25,New York,2023-04-09,True
805,James Bond,robert.brown@example.com,18-25,San Francisco,2021-11-10,True
806,Mary Jane,jane.smith@example.com,56+,San Francisco,2022-04-07,True
807,James Bond,john.doe@example.com,36-45,Miami,2022-08-13,True
808,Clark Kent,michael.clark@example.com,56+,Austin,2022-05-22,True
809,Michael Clark,john.doe@example.com,56+,New York,2023-07-20,True
810,Clark Kent,robert.brown@example.com,36-45,Boston,2021-12-18,True
811,Robert Brown,robert.brown@example.com,26-35,Austin,2022-03-05,True
812,James Bond,john.doe@example.com,56+,Los Angeles,2023-12-26,True
813,Michael Clark,mary.jane@example.com,18-25,Dallas,2021-07-09,True
814,Sarah Connor,emily.davis@example.com,46-55,Denver,2021-04-17,True
815,Jane Smith,bruce.wayne@example.com,46-55,Chicago,2023-01-17,True
816,Mary Jane,sarah.connor@example.com,56+,Dallas,2021-10-14,True
817,Clark Kent,sarah.connor@example.com,46-55,Seattle,2021-12-12,True
818,Emily Davis,jane.smith@example.com,46-55,Denver,2023-05-25,True
819,James Bond,jane.smith@example.com,56+,Denver,2023-09-23,True
820,Jane Smith,michael.clark@example.com,56+,Dallas,2023-11-12,True
821,Bruce Wayne,michael.clark@example.com,26-35,Los Angeles,2022-09-03,True
822,Sarah Connor,robert.brown@example.com,26-35,Seattle,2023-11-11,True
823,John Doe,sarah.connor@example.com,18-25,San Francisco,2023-09-12,True
824,Jane Smith,james.bond@example.com,56+,Miami,2021-01-17,True
825,Sarah Connor,john.doe@example.com,46-55,Dallas,2022-01-27,True
826,Sarah Connor,sarah.connor@example.com,36-45,Seattle,2022-04-22,True
827,Emily Davis,james.bond@example.com,46-55,Miami,2022-05-04,True
828,Emily Davis,bruce.wayne@example.com,36-45,Los Angeles,2021-04-03,True
829,Jane Smith,emily.davis@example.com,56+,Denver,2021-01-25,True
830,John Doe,emily.davis@example.com,46-55,Austin,2023-04-16,True
831,Jane Smith,james.bond@example.com,46-55,Denver,2022-08-13,True
832,Robert Brown,mary.jane@example.com,56+,New York,2021-08-22,True
833,John Doe,bruce.wayne@example.com,46-55,San Francisco,2021-11-22,True
834,Jane Smith,james.bond@example.com,18-25,Boston,2021-05-14,True
835,James Bond,james.bond@example.com,36-45,Seattle,2022-06-20,True
836,Bruce Wayne,james.bond@example.com,18-25,New York,2021-06-02,True
837,Sarah Connor,emily.davis@example.com,36-45,Dallas,2022-07-05,True
838,Michael Clark,james.bond@example.com,26-35,Dallas,2023-10-24,True
839,Mary Jane,james.bond@example.com,56+,Chicago,2021-08-04,True
840,Michael Clark,james.bond@example.com,46-55,New York,2022-11-03,True
841,Jane Smith,james.bond@example.com,26-35,Denver,2021-05-07,True
842,Clark Kent,emily.davis@example.com,26-35,Dallas,2023-01-09,True
843,John Doe,james.bond@example.com,18-25,Denver,2023-11-09,True
844,Sarah Connor,clark.kent@example.com,46-55,Denver,2023-05-05,True
845,James Bond,john.doe@example.com,18-25,Los Angeles,2022-08-25,True
846,Clark Kent,sarah.connor@example.com,26-35,Seattle,2023-09-03,True
847,John Doe,robert.brown@example.com,36-45,New York,2023-01-08,True
848,Robert Brown,mary.jane@example.com,26-35,Miami,2022-11-25,True
849,Bruce Wayne,robert.brown@example.com,36-45,San Francisco,2023-02-10,True
850,Mary Jane,james.bond@example.com,36-45,New York,2022-03-19,True
851,Sarah Connor,john.doe@example.com,36-45,Boston,2021-01-28,True
852,James Bond,robert.brown@example.com,18-25,Boston,2023-10-26,True
853,Emily Davis,mary.jane@example.com,46-55,Chicago,2023-11-25,True
854,Michael Clark,james.bond@example.com,36-45,Seattle,2023-06-17,True
855,Michael Clark,james.bond@example.com,36-45,Austin,2022-10-05,True
856,Mary Jane,james.bond@example.com,46-55,Dallas,2022-06-23,True
857,Mary Jane,emily.davis@example.com,46-55,Miami,2021-01-05,True
858,Emily Davis,clark.kent@example.com,26-35,Seattle,2021-08-17,True
859,Bruce Wayne,bruce.wayne@example.com,26-35,Denver,2022-08-28,True
860,Clark Kent,mary.jane@example.com,18-25,Boston,2022-02-03,True
861,Robert Brown,john.doe@example.com,46-55,Denver,2023-07-23,True
862,Bruce Wayne,james.bond@example.com,36-45,San Francisco,2023-02-16,True
863,Jane Smith,emily.davis@example.com,36-45,Los Angeles,2023-09-28,True
864,Bruce Wayne,john.doe@example.com,46-55,Chicago,2021-02-06,True
865,Michael Clark,jane.smith@example.com,56+,Seattle,2022-04-19,True
866,Sarah Connor,mary.jane@example.com,56+,Seattle,2023-08-10,True
867,Robert Brown,james.bond@example.com,46-55,New York,2022-06-12,True
868,Michael Clark,clark.kent@example.com,46-55,Denver,2023-05-07,True
869,John Doe,robert.brown@example.com,46-55,San Francisco,2021-03-07,True
870,Jane Smith,michael.clark@example.com,36-45,Boston,2023-10-27,True
871,Michael Clark,mary.jane@example.com,18-25,Los Angeles,2021-07-26,True
872,Jane Smith,mary.jane@example.com,26-35,Dallas,2022-03-19,True
873,Jane Smith,robert.brown@example.com,18-25,Miami,2021-09-19,True
874,Robert Brown,robert.brown@example.com,26-35,Austin,2023-08-07,True
875,Sarah Connor,robert.brown@example.com,36-45,New York,2022-11-16,True
876,Emily Davis,sarah.connor@example.com,36-45,Boston,2023-06-15,True
877,Robert Brown,mary.jane@example.com,36-45,New York,2021-07-07,True
878,Sarah Connor,john.doe@example.com,18-25,Chicago,2022-08-21,True
879,Bruce Wayne,sarah.connor@example.com,56+,Austin,2021-12-26,True
880,James Bond,emily.davis@example.com,36-45,Denver,2023-11-27,True
881,Sarah Connor,emily.davis@example.com,36-45,Miami,2021-04-02,True
882,Jane Smith,sarah.connor@example.com,18-25,Miami,2022-07-10,True
883,Mary Jane,james.bond@example.com,56+,Dallas,2023-05-18,True
884,Bruce Wayne,james.bond@example.com,26-35,Denver,2023-08-18,True
885,Michael Clark,sarah.connor@example.com,26-35,San Francisco,2021-03-20,True
886,Clark Kent,michael.clark@example.com,56+,Denver,2022-06-12,True
887,Mary Jane,mary.jane@example.com,56+,Miami,2021-06-18,True
888,Jane Smith,john.doe@example.com,18-25,Chicago,2022-01-07,True
889,Bruce Wayne,bruce.wayne@example.com,36-45,Boston,2021-11-13,True
890,Mary Jane,robert.brown@example.com,18-25,New York,2021-04-12,True
891,James Bond,james.bond@example.com,36-45,Los Angeles,2021-05-18,True
892,Robert Brown,michael.clark@example.com,46-55,Seattle,2021-01-08,True
893,Mary Jane,james.bond@example.com,26-35,Denver,2021-06-16,True
894,Bruce Wayne,michael.clark@example.com,36-45,Los Angeles,2021-01-17,True
895,Emily Davis,sarah.connor@example.com,36-45,Los Angeles,2021-05-24,True
896,Robert Brown,clark.kent@example.com,56+,New York,2023-11-25,True
897,Sarah Connor,james.bond@example.com,18-25,Chicago,2022-10-07,True
898,Michael Clark,jane.smith@example.com,18-25,Dallas,2021-02-24,True
899,Mary Jane,emily.davis@example.com,56+,Austin,2022-11-11,True
900,Robert Brown,robert.brown@example.com,46-55,Chicago,2023-08-23,True
901,John Doe,robert.brown@example.com,56+,Boston,2022-07-22,True
902,Robert Brown,sarah.connor@example.com,46-55,Miami,2022-06-12,True
903,James Bond,sarah.connor@example.com,26-35,Chicago,2021-05-28,True
904,James Bond,robert.brown@example.com,36-45,Seattle,2023-11-28,True
905,Michael Clark,john.doe@example.com,46-55,Seattle,2021-10-08,True
906,James Bond,robert.brown@example.com,18-25,Miami,2023-03-05,True
907,Robert Brown,bruce.wayne@example.com,46-55,Dallas,2023-01-01,True
908,Clark Kent,michael.clark@example.com,46-55,New York,2023-12-08,True
909,John Doe,robert.brown@example.com,26-35,Austin,2022-06-05,True
910,Robert Brown,clark.kent@example.com,56+,San Francisco,2023-10-12,True
911,Sarah Connor,john.doe@example.com,46-55,Denver,2022-10-09,True
912,Emily Davis,james.bond@example.com,18-25,Denver,2023-03-16,True
913,Clark Kent,emily.davis@example.com,26-35,Dallas,2021-03-21,True
914,Bruce Wayne,jane.smith@example.com,36-45,Dallas,2022-04-16,True
915,Mary Jane,emily.davis@example.com,36-45,New York,2023-04-06,True
916,Jane Smith,emily.davis@example.com,18-25,Miami,2021-04-06,True
917,Robert Brown,john.doe@example.com,36-45,Seattle,2021-08-03,True
918,Bruce Wayne,michael.clark@example.com,18-25,Los Angeles,2021-09-14,True
919,Bruce Wayne,robert.brown@example.com,18-25,Denver,2022-06-19,True
920,James Bond,michael.clark@example.com,26-35,San Francisco,2022-04-25,True
921,Robert Brown,emily.davis@example.com,46-55,Seattle,2021-07-26,True
922,Bruce Wayne,clark.kent@example.com,36-45,San Francisco,2022-10-09,True
923,John Doe,jane.smith@example.com,18-25,San Francisco,2023-11-28,True
924,Sarah Connor,james.bond@example.com,56+,Seattle,2023-11-26,True
925,Sarah Connor,clark.kent@example.com,26-35,Dallas,2022-09-22,True
926,Jane Smith,emily.davis@example.com,18-25,Chicago,2023-03-22,True
927,James Bond,mary.jane@example.com,46-55,Seattle,2023-12-01,True
928,Mary Jane,jane.smith@example.com,56+,Seattle,2023-09-13,True
929,Jane Smith,michael.clark@example.com,46-55,Miami,2022-07-19,True
930,Bruce Wayne,robert.brown@example.com,46-55,Dallas,2022-04-10,True
931,Clark Kent,robert.brown@example.com,18-25,Dallas,2021-01-22,True
932,Clark Kent,bruce.wayne@example.com,26-35,New York,2022-05-24,True
933,John Doe,emily.davis@example.com,26-35,Los Angeles,2023-12-05,True
934,John Doe,jane.smith@example.com,26-35,Boston,2023-07-23,True
935,Robert Brown,michael.clark@example.com,36-45,Los Angeles,2021-09-23,True
936,Robert Brown,michael.clark@example.com,36-45,Seattle,2023-01-10,True
937,Mary Jane,james.bond@example.com,56+,Miami,2021-07-11,True
938,Bruce Wayne,emily.davis@example.com,26-35,Boston,2021-11-08,True
939,James Bond,james.bond@example.com,36-45,Miami,2021-08-09,True
940,Sarah Connor,sarah.connor@example.com,26-35,Los Angeles,2023-10-05,True
941,Sarah Connor,jane.smith@example.com,18-25,Boston,2023-10-09,True
942,Michael Clark,mary.jane@example.com,36-45,Boston,2023-10-12,True
943,Michael Clark,clark.kent@example.com,36-45,Chicago,2022-04-20,True
944,John Doe,mary.jane@example.com,56+,Los Angeles,2021-02-16,True
945,Michael Clark,john.doe@example.com,18-25,Seattle,2021-11-06,True
946,Sarah Connor,jane.smith@example.com,18-25,New York,2021-03-04,True
947,Robert Brown,jane.smith@example.com,26-35,Seattle,2022-12-24,True
948,John Doe,john.doe@example.com,26-35,Seattle,2022-03-15,True
949,Michael Clark,michael.clark@example.com,26-35,San Francisco,2023-09-01,True
950,Clark Kent,clark.kent@example.com,26-35,Dallas,2022-07-20,True
951,Jane Smith,bruce.wayne@example.com,36-45,Denver,2023-11-12,True
952,Jane Smith,james.bond@example.com,56+,San Francisco,2021-04-13,True
953,Sarah Connor,james.bond@example.com,56+,Seattle,2021-04-16,True
954,Mary Jane,emily.davis@example.com,26-35,Denver,2022-07-06,True
955,Bruce Wayne,mary.jane@example.com,36-45,New York,2022-04-24,True
956,Robert Brown,emily.davis@example.com,46-55,Miami,2023-08-03,True
957,John Doe,robert.brown@example.com,36-45,Miami,2023-01-15,True
958,Robert Brown,jane.smith@example.com,56+,Boston,2021-03-13,True
959,Clark Kent,michael.clark@example.com,18-25,New York,2023-04-16,True
960,Jane Smith,james.bond@example.com,56+,Chicago,2021-06-18,True
961,James Bond,james.bond@example.com,36-45,Miami,2023-11-04,True
962,Robert Brown,sarah.connor@example.com,36-45,Los Angeles,2023-05-17,True
963,Bruce Wayne,mary.jane@example.com,18-25,Denver,2023-08-15,True
964,Robert Brown,mary.jane@example.com,18-25,Los Angeles,2022-06-02,True
965,Sarah Connor,bruce.wayne@example.com,26-35,Boston,2022-10-12,True
966,Robert Brown,clark.kent@example.com,46-55,Austin,2023-10-13,True
967,Jane Smith,clark.kent@example.com,36-45,Austin,2021-11-07,True
968,Emily Davis,james.bond@example.com,18-25,Denver,2023-10-18,True
969,Bruce Wayne,robert.brown@example.com,26-35,Seattle,2022-10-05,True
970,John Doe,sarah.connor@example.com,46-55,Seattle,2023-09-24,True
971,Mary Jane,michael.clark@example.com,18-25,Boston,2023-01-01,True
972,Robert Brown,jane.smith@example.com,56+,Boston,2022-08-09,True
973,John Doe,michael.clark@example.com,26-35,San Francisco,2022-09-14,True
974,Jane Smith,michael.clark@example.com,56+,Los Angeles,2022-06-15,True
975,John Doe,mary.jane@example.com,46-55,Denver,2022-03-10,True
976,Emily Davis,bruce.wayne@example.com,26-35,Austin,2021-03-18,True
977,Robert Brown,emily.davis@example.com,56+,Denver,2021-12-23,True
978,Sarah Connor,robert.brown@example.com,36-45,Miami,2021-12-19,True
979,Mary Jane,bruce.wayne@example.com,56+,Denver,2022-01-18,True
980,Clark Kent,bruce.wayne@example.com,18-25,Boston,2023-08-01,True
981,Mary Jane,robert.brown@example.com,36-45,Seattle,2022-05-04,True
982,James Bond,mary.jane@example.com,18-25,Dallas,2021-05-19,True
983,James Bond,robert.brown@example.com,36-45,Denver,2021-04-25,True
984,Mary Jane,mary.jane@example.com,36-45,Dallas,2021-02-06,True
985,Robert Brown,clark.kent@example.com,26-35,Denver,2023-04-22,True
986,Jane Smith,bruce.wayne@example.com,26-35,Austin,2023-07-25,True
987,James Bond,mary.jane@example.com,56+,Boston,2023-02-10,True
988,Mary Jane,john.doe@example.com,56+,Miami,2023-04-01,True
989,Sarah Connor,emily.davis@example.com,18-25,San Francisco,2021-07-13,True
990,Emily Davis,emily.davis@example.com,46-55,Denver,2023-04-19,True
991,John Doe,jane.smith@example.com,26-35,Miami,2022-08-09,True
992,Jane Smith,james.bond@example.com,36-45,Miami,2021-09-20,True
993,John Doe,james.bond@example.com,56+,Boston,2021-11-16,True
994,Michael Clark,clark.kent@example.com,56+,San Francisco,2023-11-19,True
995,Bruce Wayne,emily.davis@example.com,56+,Miami,2021-09-17,True
996,James Bond,john.doe@example.com,56+,Dallas,2021-02-21,True
997,Mary Jane,jane.smith@example.com,26-35,Seattle,2023-03-12,True
998,Mary Jane,sarah.connor@example.com,26-35,Denver,2021-03-19,True
999,Bruce Wayne,mary.jane@example.com,36-45,Los Angeles,2022-05-03,True
1000,Jane Smith,mary.jane@example.com,46-55,Dallas,2023-05-16,True
